1,2,Error,Rate
549,16,0.02831858407079646, =16/565
1,4,0.2, =1/5
550,20,0.02982456140350877, =17/570
