mse,auc
0.008707996729895357,0.9711504424778762
